"","current_character","current_dialogue"
"1","                    YOUNG JUDY ","Fear. Treachery. Bloodlust! Thousands of years ago, these were the forces that ruled our world. A world where prey were scared of predators. And predators had an uncontrollable biological urge to  maim and maul and..."
"2","                    YOUNG JUDY","Blood, blood, blood!"
"3","                       YOUNG JUDY ","And death."
"4","                    YOUNG JUDY ","And every young mammal has  multitudinous opportunities."
"5","                    ASTRONAUT SHEEP","Yeah, I don't have to cower in a  herd anymore."
"6","                    ASTRONAUT SHEEP ","Instead I can be an astronaut."
"7","                    ACTUARY JAGUAR","I don't have to be a lonely hunter  any more."
"8","                    ACTUARY","Today I can hunt for tax exemptions. I'm gonna be an  actuary!"
"9","                    YOUNG JUDY","And I can make the world a better  place! I am going to be..."
"10","                    YOUNG JUDY ","A police officer!"
"11","                    GIDEON GREY","Bunny cop. That is the most  stupidest thing I ever heard."
"12","                    YOUNG JUDY","I'm looking at you Gideon Grey."
"13","                    YOUNG JUDY ","But just 211 miles away stands the great city of Zootopia! Where our ancestors first joined together in peace, and declared that anyone can be anything! Thank you and good  night!"
"14","                    STU HOPPS","Judy, you ever wonder how your mom  and me got to be so darn happy?"
"15","                    YOUNG JUDY","Nope."
"16","                    STU HOPPS","Well, we gave up on our dreams and  we settled, right Bon?"
"17","                    BONNIE HOPPS","Oh yes, that's right, Stu. We  settled hard."
"18","                    STU HOPPS","See, that's the beauty of complacency, Jude. If you don't try  anything new, you'll never fail."
"19","                    YOUNG JUDY","I like trying, actually."
"20","                    BONNIE HOPPS","What your father means, hon, is it's gonna be difficult-- impossible even-- for you to become  a police officer."
"21","                    STU HOPPS","Right. There's never been a bunny  cop."
"22","                    BONNIE HOPPS","No."
"23","                    STU HOPPS","Bunnies don't do that."
"24","                    BONNIE HOPPS","Never."
"25","                    STU HOPPS","Never."
"26","                    YOUNG JUDY","Oh. Then I guess I'll have to be the first one. Because I am gonna make the world... (parkours against a vendor's stand)  A better place!"
"27","                    STU HOPPS","OR... um, heck, you wanna talk about making the world a better  place--"
"28","                    STU HOPPS ","--no better way to do it than  becoming a carrot farmer."
"29","                    BONNIE HOPPS","Yes! Your dad, me, your 275 brothers and sisters-- we're  changing the world."
"30","                    STU HOPPS","Yep."
"31","                    BONNIE HOPPS","One carrot at a time..."
"32","                    STU HOPPS","Amen to that. Carrot farming is a  noble profession."
"33","                    BONNIE HOPPS ","Mmm hmm. Just putting the seeds in  the ground."
"34","                    STU HOPPS ","Ahh, at one with the soil."
"35","                    BONNIE HOPPS","You get it. I mean, it's great to  have dreams."
"36","                    STU HOPPS","Yeah, just as long as you don't believe in em too much. (finally noticing Judy's absence)  Where in the heck'd she go?"
"37","                    GIDEON GREY","Gimme your tickets right now, or I'm gonna kick your meek little  sheep butt."
"38","                    SHARLA","Ow! Cut it out, Gideon!"
"39","                    GIDEON GREY","Baa-baa. What're ya gonna do, cry?"
"40","                    YOUNG JUDY ","You heard her. Cut it out."
"41","                    GIDEON GREY","Nice costume, loser. What crazy world are you living in where you  think a bunny could be a cop?"
"42","                    YOUNG JUDY","Kindly return my friends' tickets."
"43","                    GIDEON GREY","Come and get `em.... But watch out, `cause I'm a fox-- and like you said in your dumb little stage play, us predators used to eat prey. And that killer instinct's  still in our Dunnahh."
"44","                    TRAVIS THE WOLF HENCHMAN KID","Uh, I'm pretty much sure it's  pronounced D-N-A."
"45","                    GIDEON GREY","Don't tell me what I know, Travis."
"46","                    YOUNG JUDY","You don't scare me, Gideon."
"47","                    GIDEON GREY","You scared now?"
"48","                    TRAVIS THE WOLF HENCHMAN KID","Lookit her nose twitch. She is  scared!"
"49","                    GIDEON GREY","Cry little baby bunny. Cry, cry --"
"50","                    GIDEON GREY ","I want you to remember this moment-- the next time you think you will ever be anything more than just a  stupid, carrot farming dumb bunny."
"51","                    GARETH THE DOUBTING SHEEP BOY","That looks bad."
"52","                    SHARLA","Are you okay, Judy?"
"53","                    YOUNG JUDY","Yeah... Yeah, I'm okay."
"54","                    YOUNG JUDY ","Here you go."
"55","                    SHARLA","Wow! You got our tickets!"
"56","                    GARETH THE DOUBTING SHEEP BOY","You're awesome, Judy!"
"57","                    SHARLA","Yeah! That Gideon Grey doesn't know  what he's talkin' `bout."
"58","                    YOUNG JUDY","Well, he was right about one  thing..."
"59","                    YOUNG JUDY ","I don't know when to quit."
"60","                    MAJOR FRIEDKIN","Scorching sandstorm. You're dead,  bunny bumpkin!"
"61","                    MAJOR FRIEDKIN ","Filthy toilet. You're dead, fluff  butt!"
"62","                    STU HOPPS ","There's never been a bunny cop."
"63","                     BONNIE HOPPS ","Never."
"64","                     STU HOPPS ","Never."
"65","                    GIDEON GREY ","Just a stupid, carrot farming dumb  bunny."
"66","                    LIONHEART","As Mayor of Zootopia, I am proud to announce that my Mammal Inclusion Initiative has produced its first  police academy graduate."
"67","                    LIONHEART ","Assistant Mayor Bellwether? Her  badge."
"68","                    BELLWETHER","Oh! Yes right."
"69","                       LIONHEART","Thank you."
"70","                    LIONHEART ","Judy, it is my great privilege to officially assign you to the heart of Zootopia: Precinct One, City  Center."
"71","                    BELLWETHER","Congratulations, Officer Hopps."
"72","                    JUDY","I won't let you down. This has been  my dream since I was a kid."
"73","                    BELLWETHER","Ya know, it's a... It's a real  proud day for us little guys."
"74","                    LIONHEART","Bellwether, make room will ya? Come  on."
"75","                    LIONHEART ","Okay, Officer Hopps. Let's see  those teeth!"
"76","                    BONNIE HOPPS","We're real proud of you, Judy."
"77","                    STU HOPPS","Yeah. Scared, too."
"78","                    BONNIE HOPPS","Yes."
"79","                    STU HOPPS","Really, it's kind of a proud-scared combo. I mean, Zootopia. It's so  far a away... It's such a big city."
"80","                    JUDY","Guys-- I've been working for this  my whole life."
"81","                    BONNIE HOPPS","We know. And we're just a little  excited for you, but terrified."
"82","                    JUDY","The only thing we have to fear is  fear itself."
"83","                    STU HOPPS","And also bears. We have bears to fear, too. To say nothing of lions,  and wolves..."
"84","                    BONNIE HOPPS","Wolves?"
"85","                    STU HOPPS","...weasels..."
"86","                    BONNIE HOPPS","You play cribbage with a weasel."
"87","                    STU HOPPS","And he cheats like there's no tomorrow. You know what, pretty much all predators-- and Zootopia's  full of `em."
"88","                    BONNIE HOPPS","Oh, Stu."
"89","                    STU HOPPS","And foxes are the worst."
"90","                    BONNIE HOPPS","Actually, your father does have a point there. It's in their biology. Remember what happened with Gideon  Grey."
"91","                    JUDY","When I was 9. Gideon Grey was a jerk, who happened to be a fox. I know plenty of bunnies who are  jerks."
"92","                    STU HOPPS","Sure. Yeah, we all do. Absolutely. But just in case, we made you a little care package to take with  you."
"93","                    BONNIE HOPPS","And I put some snacks in there."
"94","                    STU HOPPS","This is fox deterrent."
"95","                    BONNIE HOPPS","Yeah that's safe to have there."
"96","                    STU HOPPS","This is fox repellent..."
"97","                    BONNIE HOPPS","Okay, the deterrent and the  repellent. That's all she needs."
"98","                    STU HOPPS","Check this out!"
"99","                    BONNIE HOPPS","Oh for goodness sake. She has no  need for a fox taser, Stu."
"100","                    STU HOPPS","Oh c'mon. When is there not a need  for a fox taser?"
"101","                    JUDY","Okay, look-- I will take this to  make you stop talking."
"102","                    STU HOPPS","Terrific! Everyone wins!"
"103","                    TRAIN CONDUCTOR","Arriving-- Zootopia Express!"
"104","                    JUDY","OK. Gotta go. Bye!"
"105","                    JUDY ","I love you guys."
"106","                    BONNIE HOPPS","Love you, too!"
"107","                    STU HOPPS","Oh cripes, here come the  waterworks."
"108","                    BONNIE HOPPS","Oh Stu, pull it together."
"109","                    JUDY","Bye everybody!"
"110","                    COTTON","Bye, Judy! I love you!"
"111","                    CROWD OF BUNNIES","Bye!"
"112","                    JUDY","Bye!"
"113","                    GAZELLE","I am Gazelle. Welcome to Zootopia!"
"114","                    DHARMA ARMADILLO","And welcome to the Grand Pangolin Arms. ""Luxury Apartments with  Charm."""
"115","                    DHARMA ARMADILLO ","Don't lose your key."
"116","                       HOPPS","Thank you!"
"117","                    HOPPS ","Oh hi, I'm Judy! Your new neighbor!"
"118","                    KUDU POOTOSSER","Yeah? Well we're loud."
"119","                    ORYX POOTOSSER","Don't expect us to apologize for  it."
"120","                    HOPPS","Greasy walls... rickety bed..."
"121","                     KUDU POOTOSSER ","Shut up!"
"122","                    ORYX POOTOSSER ","You shut up!"
"123","                    KUDU POOTOSSER ","No! You shut up!"
"124","                     HOPPS","Crazy neighbors... (big smile as she flops on the bed)  I love it!"
"125","                    LEOPARD","C'mon! He bared his teeth first."
"126","                    CLAWHAUSER","O-M goodness! They really did hire  a bunny. What?!"
"127","                    CLAWHAUSER ","I gotta tell ya, you are even cuter  than I thought you'd be."
"128","                    HOPPS","Ooo, uh, you probably didn't know, but a bunny can call another bunny ""cute,"" but when other animals do  it, it's a little..."
"129","                    CLAWHAUSER","I am so sorry. Me, Benjamin Clawhauser, the guy everyone thinks is just a flabby, donut-loving cop,  stereotyping you...?"
"130","                    HOPPS","It's okay-- oh, you've actually you've actually got a-- there's a-- in your neck-- the fold-- the--  there's--"
"131","                    CLAWHAUSER","Oh, there you went, you little  dickens!"
"132","                    HOPPS","I should get to roll call, so...  which way do I?"
"133","                    CLAWHAUSER","Oh! Bullpen's over there to the  left."
"134","                    HOPPS","Great, thank you!"
"135","                    CLAWHAUSER","Aw... That poor little bunny's  gonna get eaten alive."
"136","                    HOPPS","Hey. Officer Hopps. You ready to  make the world a better place?"
"137","                     OFFICER HIGGINS ","TEN HUT!"
"138","                    BOGO","All right, all right. Everybody  sit."
"139","                    BOGO ","Parking Duty. Dismissed!"
"140","                    HOPPS","Uh, Chief? Chief Bogo?"
"141","                    HOPPS ","Sir, you said there were 14 missing  mammal cases?"
"142","                    BOGO","So."
"143","                    HOPPS","So I can handle one. You probably forgot, but I was top of my class  at the academy."
"144","                    BOGO","Didn't forget. Just don't care."
"145","                    HOPPS","Sir, I'm not just some ""token""  bunny."
"146","                    BOGO","Well, then writing a hundred  tickets a day should be easy."
"147","                    HOPPS","100 tickets...? I'm not gonna write 100 tickets... I'm gonna write 200  tickets!"
"148","                    HOPPS ","Before noon!"
"149","                    HOPPS","Boom! 200 tickets before noon."
"150","                    TRUCK DRIVER ","Hey, watch where you're going, Fox!"
"151","                    HOPPS","Where'd he go..."
"152","                    NICK","I'm not looking for any trouble either, sir. I simply want to buy a  Jumbo Pop for my little boy."
"153","                    NICK ","You want the red or the blue, pal?"
"154","                    HOPPS","I'm such a..."
"155","                    NICK","--this goofy little stinker-- he loves all things elephant. Wants to  be one when he grows up."
"156","                    NICK ","Isn't it adorable? Who the heck am I to crush his little dreams, huh?  Right?"
"157","          WE RESERVE THE RIGHT TO REFUSE","SERVICE TO ANYONE. So beat it."
"158","                    ELEPHANT","You're holding up the line."
"159","                    HOPPS ","Hello? Excuse me?"
"160","                    HOPPS","Well, I don't wanna cause you any trouble, but I believe scooping ice cream with an un-gloved trunk is a  Class 3 Health Code Violation..."
"161","                    HOPPS ","...Which is kind of a big deal. Of course-- I could let you off with a warning if you were to glove those trunks and, I don't know, finish selling this nice dad and his son  a... what was it?"
"162","                    NICK","A Jumbo Pop. Please."
"163","                    HOPPS","Fifteen dollars."
"164","                     NICK","Thanks, anyway."
"165","                    HOPPS","Keep the change."
"166","                    NICK","Officer, I can't thank you enough. So kind, really, can I pay you  back?"
"167","                    HOPPS","Oh no, my treat-- it just-- y'know, it burns me up to see folks with such backward attitudes toward foxes. I just wanna say, you're a great dad and just a... a real  articulate fella."
"168","                    NICK","Ah, well, that is high praise. It's rare that I find someone so non-  patronizing... Officer..."
"169","                    HOPPS","Hopps. Mr..."
"170","                    NICK","Wilde. Nick Wilde."
"171","                    HOPPS","And you little guy, you want to be an elephant when you grow up... you be an elephant-- because this is  Zootopia, anyone can be anything."
"172","                    NICK","Two paws. Yeah. Oh, look at that smile, that's a happy birthday smile! All right, give her a little  bye-bye toot toot."
"173","                    HOPPS","Toot, toot!"
"174","                     NICK","Bye now!"
"175","                     HOPPS","Goodbye!"
"176","                    HOPPS","Oh! Hey, little toot toot--"
"177","                    NICK","Pawpsicles! Get your pawpsicles!"
"178","                    NICK","Lumber delivery!"
"179","                    MOUSE CONSTRUCTION WORKER","What's with the color?"
"180","                    NICK","The color? Uh... It's redwood."
"181","                    NICK","39...40. There you go. Way to work that diaper, big guy. Hey, no kiss  bye-bye for daddy?"
"182","                    FINNICK","You kiss me tomorrow, I'll bite  your face off. Ciao."
"183","                    HOPPS","Well. I stood up for you, and you  lied to me. You liar!"
"184","                    NICK","It's called a hustle, sweetheart.  And I'm not the liar, he is."
"185","                    HOPPS","Hey!"
"186","                    HOPPS ","Alright, slick Nick, you're under  arrest."
"187","                    NICK","Really, for what?"
"188","                    HOPPS","Gee I don't know, how `bout selling food without a permit, transporting undeclared commerce across borough  lines, false advertising..."
"189","                    NICK","Permit. Receipt of declared commerce. And I didn't falsely  advertise anything. Take care."
"190","                    HOPPS","You told that mouse the popsicle  sticks were redwood!"
"191","                      NICK","You can't touch me, Carrots, I been  doing this since I was born."
"192","                    HOPPS","You're gonna wanna refrain from  calling me Carrots..."
"193","                    NICK","My bad. I just naturally assumed you came from some little carrot-  choked podunk, no?"
"194","                    HOPPS","Ah, no. Podunk is in Deerbrooke County, and I grew up in  Bunnyburrow."
"195","                    NICK","Naïve little hick with good grades and big ideas decides, ""Hey lookit me, I'm gonna move to Zootopia-- where Predators and Prey live in harmony and sing Kumbaya!"" Only to find-- whoopsie, we don't all get along. And that dream of becoming a big city cop? Double whoopsie! She's a meter maid. And whoopsie number threesie-- NO ONE cares about her or her dreams. And soon enough those dreams die and our bunny sinks into emotional and literal squalor living in a box under a bridge. Til finally she has no choice but to go back home with that cute, fuzzy wuzzy little tail between her legs to become-- you're from Bunnyburrow, is that what you said?-- so how `bout a carrot  farmer... That sound about right?"
"196","                    NICK ","Be careful now, it won't just be  your dreams getting crushed."
"197","                    HOPPS","Hey! Hey! No one tells me what I can or can't be! Especially not some jerk who never had the guts to try to be anything more than a  popsicle hustler!"
"198","                    NICK","Sly fox."
"199","                    NICK ","Dumb bunny."
"200","                    HOPPS","I am NOT a dumb bunny."
"201","                    NICK","Right. And that's not wet cement."
"202","                    NICK ","You'll never be a real cop. You're a cute meter maid though. Maybe a supervisor one day. Hang in  there..."
"203","                    HOPPS","Oh hey, it's my parents!"
"204","                    BONNIE HOPPS","Aw there she is! Hi sweetheart!"
"205","                    STU HOPPS","Hey there, Jude the Dude! How was  your first day on the force?"
"206","                    HOPPS","It was real great."
"207","                    BONNIE HOPPS","Yeah? Everything you ever hoped?"
"208","                    HOPPS","Mmm. Absolutely. And more. Everyone's so nice. And I feel like  I'm really making a difference--"
"209","                    STU HOPPS","Hey, wait a second. Holy cripes,  Bonnie! Look at that!"
"210","                    BONNIE HOPPS","Oh my sweet heaven-- Judy, are you  a meter maid?"
"211","                    HOPPS","Oh this? No! Oh, no no! This is  just a temporary thing--"
"212","                    BONNIE HOPPS","It's the safest job on the force!"
"213","                    STU HOPPS","Ah, she's not a real cop! Our  prayers have been answered!"
"214","                    BONNIE HOPPS","Glorious day!"
"215","                    STU HOPPS","Meter maid, meter maid!"
"216","                       HOPPS","Dad! Dad--"
"217","                    STU HOPPS","Meter maid, meter maid!"
"218","                    HOPPS","DAD! You know what-- it's been a  really long day, I should really--"
"219","                    BONNIE HOPPS","That's right. You get some rest!"
"220","                    STU HOPPS","Those meters aren't gonna maid  themselves."
"221","                     BONNIE HOPPS","Bye bye!"
"222","                    HOPPS","Buh-bye."
"223","                    ORYX POOTOSSER ","Hey Bunny! Turn down that  depressing music!"
"224","                    KUDU POOTOSSER ","Leave the meter maid alone! Didn't you hear her conversation? She  feels like a failure!"
"225","                    ORYX POOTOSSER ","Oh, shut up!"
"226","                    KUDU POOTOSSER ","You shut up!"
"227","                    ORYX POOTOSSER ","You shut up!"
"228","                    HOPPS","Tomorrow's another day..."
"229","                    ORYX POOTOSSER ","Yeah, but it might be worse!"
"230","                    MOOSE","I was 30 seconds over!"
"231","                    ANGRY GERBIL LADY","Ugh! Yeah you're a real hero, lady!"
"232","                    HIPPO CHILD","My mommy says she wishes you were  dead."
"233","                    ANGRY DRIVER ","Un-cool, rabbit. My tax dollars pay  your salary."
"234","                    HOPPS","(less convinced with each utterance) I am a real cop. I am a real cop. I  am a real cop. I am a real cop..."
"235","                       FRANTIC PIG ","Hey!"
"236","                    FRANTIC PIG ","You! Bunny!"
"237","                     HOPPS","Sir, if you have a grievance, you may contest your citation in  traffic court."
"238","                    FRANTIC PIG","What're you talking about? My shop! It was just robbed! Look, he's getting away! Well are you a cop or  not?"
"239","                    HOPPS","Oh, yes! Yes! Don't worry, sir, I  got this!"
"240","                    HOPPS","Stop! Stop in the name of the law!"
"241","                    DUKE WEASELTON","Catch me if you can, Cottontail!"
"242","                    DUKE WEASELTON ","Whoa. Coming through!"
"243","                    MCHORN","This is Officer McHorn, we got a 10-"
"244","                    HOPPS","You! Freeze!"
"245","                     MCHORN","(arriving, but too big to enter) Hey! Metermaid! Wait for the real  cops!"
"246","                    HOPPS","Stop!"
"247","                    HOPPS ","Oh! Oh, sorry! Coming through!  `Scuse me! `Scuse me. Pardon..."
"248","                    DUKE WEASELTON","Bon voyage, flat foot!"
"249","                    HOPPS","Hey! Stop right there!"
"250","                    DUKE WEASELTON","Have a donut, coppah!"
"251","                    FRU FRU SHREW","Ohmygawd, did you see those leopard print jeggings? (sees the donut about to kill her)  Aaaaaaaaaaaagh!"
"252","                    HOPPS","I love your hair."
"253","                    FRU FRU SHREW","Aw... thank you."
"254","                    DUKE WEASELTON","Come to papa..."
"255","                    CLAWHAUSER","Okay, you're gonna have to be patient and wait in line just like  everyone else, Mrs. Otterton, okay?"
"256","                    HOPPS","I popped the weasel!"
"257","                     BOGO","HOPPS!"
"258","                    BOGO","Abandoning your post, inciting a scurry, reckless endangerment of rodents... but to be fair, you did stop a master criminal from  stealing two dozen... moldy onions."
"259","                    HOPPS","Hate to disagree with you, sir, but those aren't onions. Those are a crocus varietal called Midnicampum Holicithias. They're a Class C Botanical, sir. I grew up in a family where plant husbandry was  kind of a thing."
"260","                    BOGO","Shut your tiny mouth, now."
"261","                    HOPPS","Sir, I got the bad guy. That's my  job."
"262","                    BOGO","Your job is putting tickets on  parked cars."
"263","                     BOGO","Not now!"
"264","                    HOPPS","Sir, I don't want to be a meter  maid... I wanna be a real cop."
"265","                    BOGO","Do you think the Mayor asked what I  wanted when he assigned you to me?"
"266","                    HOPPS","But sir, if you--"
"267","                    BOGO","Life isn't some cartoon musical where you sing a little song and your insipid dreams magically come  true. So let it go!"
"268","                    MRS. OTTERTON","Chief Bogo please-- five minutes of  your time. Please..."
"269","                    CLAWHAUSER","I'm sorry, sir, I tried to stop her, she is super slippery. I gotta  go sit down."
"270","                    BOGO","Ma'am, as I've told you, we are  doing everything we can..."
"271","                    MRS. OTTERTON","My husband has been missing for ten  days. His name is Emmitt Otterton."
"272","                    BOGO","Yes, I know."
"273","                    MRS. OTTERTON","He's a florist. We have two beautiful children. He would never  just disappear."
"274","                    BOGO","Ma'am, our detectives are very  busy."
"275","                    MRS. OTTERTON","Please. There's got to be somebody  to find my Em."
"276","                    BOGO","Mrs. Otterton--"
"277","                    HOPPS ","I will find him."
"278","                    MRS. OTTERTON","Take this. Find my Emmitt. Bring him home to me and my babies.  Please?"
"279","                    BOGO","Mrs. Otterton? Please wait out  here."
"280","                    MRS. OTTERTON","Of course. Oh, thank you both so  much."
"281","                    BOGO","One second."
"282","                    BOGO ","You're fired."
"283","                    HOPPS","What? Why?!"
"284","                    BOGO","Insubordination. Now, I'm going to open this door and you're going to tell that otter you're a former meter maid with delusions of grandeur who will not be taking the  case."
"285","                    BELLWETHER","I just heard Officer Hopps is  taking the case!"
"286","                    BOGO","Assistant Mayor Bellwether..."
"287","                    BELLWETHER","The Mammal Inclusion Initiative is really starting to pay off! Mayor Lionheart is just gonna be so  jazzed!"
"288","                     BOGO","No! No, let's not tell the mayor  just yet--"
"289","                    BELLWETHER","And I sent it, and it is done, so I did do that. All right, well I'd say the case is in good hands! Us little guys really need to stick  together! Right?"
"290","                       HOPPS","Like glue!"
"291","                    BELLWETHER","Good one! Just call me if you ever need anything, okay? You've always got a friend at City Hall, Judy.  Alright, bye bye!"
"292","                    HOPPS","Thank you, ma'am."
"293","                    BOGO","I will give you 48 hours."
"294","                       HOPPS","YES!"
"295","                    BOGO","That's two days to find Emmitt  Otterton."
"296","                    HOPPS","Okay."
"297","                    BOGO","But, you strike out-- you resign."
"298","                    HOPPS","Oh, uh... okay... deal."
"299","                    BOGO","Splendid. Clawhauser will give you  the complete case file."
"300","                    CLAWHAUSER","Here ya go! One missing otter!"
"301","                    HOPPS","That's it?!"
"302","                    CLAWHAUSER","I hope you didn't stake your career  on cracking this one."
"303","                    HOPPS","""Last known sighting..."""
"304","                     HOPPS ","Thank you."
"305","                       HOPPS ","Pawpsicle."
"306","                    CLAWHAUSER","The murder weapon!"
"307","                    HOPPS","Get your pawpsicle..."
"308","                    CLAWHAUSER","Yeah, `cause that... What does that  mean?"
"309","                    HOPPS","It means I... have a lead."
"310","                    HOPPS","Hi! Hello? It's me again!"
"311","                    NICK","Hey, it's Officer Toot Toot."
"312","                    HOPPS","Ha-ha-ho, no actually it's Officer Hopps, and I'm here to ask you some  questions about a case."
"313","                     NICK","What happened, meter maid? Did someone steal a traffic cone? It  wasn't me."
"314","                    NICK ","Hey, Carrots, you're gonna wake the  baby, I gotta get to work."
"315","                    HOPPS","This is important, sir. I think your ten dollars worth of popsicles  can wait."
"316","                    NICK","I make 200 bucks a day, fluff. 365 days a year, since I was 12, and  time is money, hop along."
"317","                    HOPPS","Please, just look at the picture."
"318","                    HOPPS ","You sold Mr. Otterton that popsicle  right? Do you know him?"
"319","                    NICK","I know everybody. And I also know that somewhere there's a toy store missing its stuffed animal, so why  don't you get back to your box."
"320","                    HOPPS","Fine. Then we'll have to do this  the hard way."
"321","                    NICK","Did you just boot my stroller?"
"322","                    HOPPS","Nicholas Wilde, you are under  arrest."
"323","                    NICK","For what? Howting your feewings?"
"324","                    HOPPS","Felony tax evasion."
"325","                    HOPPS ","...you reported let me see here: zero. Unfortunately, lying on a federal form is a punishable  offense. Five years jail time."
"326","                    NICK","Well, it's my word against yours."
"327","                    HOPPS","It's called a hustle, sweetheart."
"328","                    FINNICK","She hustled you good! You're a cop now Nick, you're gonna need one of these! Have fun working with the  fuzz!"
"329","                    HOPPS","Start talking."
"330","                    NICK","I don't know where he is.  I only saw where he went."
"331","                    HOPPS","Great, let's go."
"332","                    NICK","It's not exactly a place for a cute  little bunny."
"333","                    HOPPS","Get in the car."
"334","                    NICK","Okay. You're the boss."
"335","                    YAX THE HIPPIE YAK","Oooooooooohmmmmmmmm.  Oooooooooooohmmmmmm."
"336","                       HOPPS","Hi, hello."
"337","                    HOPPS ","Hello! My name is--"
"338","                    YAX THE HIPPIE YAK","Ooo, you know, I'm gonna hit the pause button right there, `cause we're all good on Bunny Scout  Cookies."
"339","                    HOPPS","--who may have frequented this  establishment."
"340","                    YAX THE HIPPIE YAK","Yeah, Ol' Emmitt! Haven't seen him in a couple weeks. But hey, you should talk to his yoga instructor,  I'd be happy to take you back."
"341","                    HOPPS","You are naked!"
"342","                    YAX THE HIPPIE YAK","Huh? Oh for sure, we're a  naturalist club."
"343","                    NICK","Yeah, in Zootopia anyone can be anything. These guys... they be  naked."
"344","                    YAX THE HIPPIE YAK","Nangi's just on the other side of  the pleasure pool."
"345","                    NICK","Does this make you uncomfortable? Because, if so, there's no shame in  calling it quits."
"346","                    HOPPS","Yes there is."
"347","                    NICK","Boy, that's the spirit."
"348","                    YAX THE HIPPIE YAK","Yeah, some mammals say the naturalist life is weird, but you know what I say is weird? Clothes  on animals! Here we go."
"349","                    YAX THE HIPPIE YAK ","As you can see, Nangi's an elephant, so she'll totally remember everything. Hey Nangi, these dudes have some questions  about Emmitt the Otter."
"350","                    NANGI","Who?"
"351","                    YAX","Uh, Emmitt Otterton? Been coming to  your yoga class for like 6 years?"
"352","                    NANGI","I have no memory of this beaver."
"353","                    JUDY","He's an otter actually."
"354","                    YAX","He was here a couple Wednesdays  ago. `Member?"
"355","                    NANGI","Nope."
"356","                    YAX","Yeah, he was wearing a green cable- knit sweater vest, and new pair of corduroy slacks. Oh, and a paisley tie. Sweet Windsor knot. Real  tight. Remember that Nangi?"
"357","                    NANGI","No."
"358","                    YAX","Yeah, and we both walked him out and he got into this big ol' white car with a silver trim? Needed a tune up. The third cylinder wasn't  firing. `Member that, Nangi?"
"359","                    NANGI","Nope."
"360","                    HOPPS","You didn't happen to catch the  license plate number, did you?"
"361","                    YAX","Oh, for sure. It was 29THD03."
"362","                    HOPPS","0, 3... Wow, this is a lot of great  info, thank you."
"363","                    YAX","Told ya Nangi has a mind like a steel trap. I wish I had a memory  like an elephant."
"364","                    NICK","Well, I had a ball. You are welcome for the clue. And seeing as how any moron can run a plate, I will take  that pen and bid you adieu."
"365","                    HOPPS","I'm not in the system yet."
"366","                    NICK","Give me the pen please."
"367","                    HOPPS","What was it you said? ""Any moron can run a plate?"" Gosh... if only there were a moron around who were  up to the task..."
"368","                    NICK","Rabbit, I did what you asked, you  can't keep me on the hook forever."
"369","                    HOPPS","Not forever. Why, I only have 36 hours left to solve this case. So  can you run the plate or not?"
"370","                    NICK","Actually, I just remembered I have  a pal at the DMV..."
"371","                    NICK","Flash is the fastest guy in there, you need something done, he's on  it."
"372","                    HOPPS","Wait. They're all sloths?!"
"373","                    HOPPS ","You said this was going to be  quick!"
"374","                    NICK","What? Are you saying that because he's a sloth, he can't be fast? I thought in Zootopia anyone could be  anything."
"375","                    NICK ","Flash, Flash, hundred yard dash!  Buddy, it's nice to see ya."
"376","                     FLASH","too."
"377","                      NICK","Hey Flash, I'd love ya to meet my friend-- uh, darlin' I've forgotten  your name."
"378","                     HOPPS","How are ya?"
"379","                     FLASH","I am... doing... just..."
"380","                        HOPPS","Fine?"
"381","                     FLASH","...as well... as... I can... be.  What..."
"382","                     NICK","Hang in there."
"383","                     FLASH","...can I... do..."
"384","                     HOPPS","Well, I was hoping you could run a  plate--"
"385","                        FLASH","For you..."
"386","                     HOPPS","Well, I was hoping you could--"
"387","                        FLASH","...today."
"388","                      HOPPS","Well, I was hoping you could run a plate for us. We are in a really  big hurry."
"389","                      FLASH","Sure.    What's the... plate..."
"390","                       HOPPS","2, 9, T--"
"391","                       FLASH","...Number?"
"392","                    HOPPS","Mmhmm. 0, 3."
"393","                       HOPPS","3!"
"394","                    NICK","Hey Flash, wanna hear a joke?"
"395","                       HOPPS","No!"
"396","                      FLASH","Sure."
"397","                    NICK","What do you call a three humped  camel?"
"398","                     FLASH","What... do... you call... a..."
"399","                    HOPPS","Three humped camel."
"400","                    FLASH","Three humped... camel?"
"401","                      NICK","Pregnant."
"402","                    FLASH","Ha... ha... ha... ha..."
"403","                    HOPPS","Ha, ha, yes very funny, very funny, can we please just focus on the  task--"
"404","                    FLASH","Hey... Priscilla..."
"405","                      HOPPS","Oh no!"
"406","                    PRISCILLA","Yes... Flash?"
"407","                    FLASH","What... do..."
"408","                      HOPPS","No!"
"409","                    FLASH","You call... a..."
"410","                    HOPPS","A three humped camel? Pregnant! Okay, great, we got it, please just-  -"
"411","                    FLASH","Three... humped..."
"412","                    HOPPS","Aggggggghhhhhhh--"
"413","                       FLASH","Here..."
"414","                    HOPPS","Yeah, yeah, yeah... thank you!"
"415","                       FLASH","You... go."
"416","                    HOPPS","29THD03-- it's registered to... Tundratown Limo Service? A limo took Otterton, and the limo's in  Tundratown-- it's in Tundratown!"
"417","                    NICK","Way to hustle, bud. I love ya. I  owe ya."
"418","                    HOPPS","Hurry, we gotta beat the rush hour  and--"
"419","                    HOPPS","IT'S NIGHT?!"
"420","                    HOPPS","Closed. Great."
"421","                    NICK","Mm. And I will betcha you don't have a warrant to get in. Hm? Darn  it. It's a bummer."
"422","                    HOPPS","You wasted the day on purpose."
"423","                    NICK","Madam, I have a fake badge. I would never impede your pretend  investigation."
"424","                    HOPPS","It's not a pretend investigation! Look, see-- (showing picture of Otterton)  See him? This otter is missing."
"425","                    NICK","Well then they should have gotten a  real cop to find him."
"426","                    HOPPS","What is your problem? Does seeing me fail somehow make you feel better about your own sad,  miserable life?"
"427","                     NICK","Now... since you're sans warrant, I  guess we're done?"
"428","                    HOPPS","Fine. We are done. Here's your pen."
"429","                       NICK","Hey!"
"430","                    NICK ","See ya later, Officer Fluff, so sad this is over, I wish I could've  helped more."
"431","                    HOPPS","The thing is, you don't need a warrant if you have probable cause, and I'm pretty sure I saw a shifty low-life climbing the fence, so  you're helping plenty. Come on."
"432","                    HOPPS","29THD03... this is it."
"433","                    HOPPS","Polar bear fur."
"434","                     NICK","OH MY GOD!"
"435","                    HOPPS","What? What?!"
"436","                    NICK","The Velvety Pipes of Jerry Vole!  But on CD? Who still uses CDs?"
"437","                    NICK ","Carrots...? If your otter was  here... he had a very bad day."
"438","                    HOPPS","Those are... claw marks. You ever  seen anything like this?"
"439","                    NICK","No."
"440","                    HOPPS","Oh, wait. Look."
"441","                    HOPPS ","This is him. Emmitt Otterton. He was definitely here. What do you  think happened?"
"442","                    NICK","I know whose car this is. We gotta  go!"
"443","                    HOPPS","Why? Whose car is it?"
"444","                    NICK","The most feared crime boss in Tundratown. They call him Mr. Big and he does not like me, so we  gotta go!"
"445","                    HOPPS","I'm not leaving, this is a crime  scene."
"446","                    NICK","Well, it's gonna be an even bigger crime scene if Mr. Big finds me  here, so we're leaving right now!"
"447","                    NICK ","That's a no."
"448","                    HOPPS","What did you do that made Mr. Big  so mad at you?"
"449","                    NICK","I uh, I may have sold him a very expensive wool rug... that was made  from the fur of a... skunk's butt."
"450","                    HOPPS","Oh, sweet cheese and crackers."
"451","                    HOPPS","Is that Mr. Big?"
"452","                      NICK","No."
"453","                    HOPPS","What about him? Is that him?"
"454","                      NICK","No."
"455","                    HOPPS","That's gotta be him."
"456","                    NICK","Stop talking stop talking stop  talking--"
"457","                    NICK ","This is a simple misunderstanding."
"458","                    MR. BIG","You come here unannounced... on the  day my daughter is to be married?"
"459","                    NICK","Point is, I did not know it was your car, and I certainly did not  know about your daughter's wedding."
"460","                    MR. BIG","What are you, a performer? What's  with the costume?"
"461","                    HOPPS","Sir, I am a c--"
"462","                    NICK","Mime! She is a mime. This mime, cannot speak. You can't speak if  you're a mime."
"463","                    HOPPS","No. I am a cop. And I'm on the Emmitt Otterton case, and my evidence puts him in your car, so intimidate me all you want, I'm going to find out what you did to that otter if it's the last thing I  do."
"464","                    MR. BIG","Then I have only one request: say  hello to Gram-mama. Ice `em!"
"465","                    NICK","Whoa-- I didn't see nothing-- I'm  not saying nothing--"
"466","                    MR. BIG","And you never will--"
"467","                    NICK","Please! No no no! If you're mad at me about the rug I've got more  rugs!"
"468","                     FRU FRU SHREW","Oh, Daddy, it's time for our dance. (sees them trying to kill Nick) What did we say? No icing anyone at  my wedding!"
"469","                    MR. BIG","Ice `em."
"470","                    FRU FRU SHREW","Wait. WAIT! She's the bunny that saved my life yesterday. From that  giant donut."
"471","                    MR. BIG","This bunny?"
"472","                      FRU FRU SHREW","Yeah. Hi!"
"473","                      HOPPS","I love your dress."
"474","                    FRU FRU SHREW","Aw, thank you."
"475","                    MR. BIG","You have done me a great service. I will help you find the otter. I will take your kindness... and pay  it forward."
"476","                    MR. BIG","Otterton is my florist. He's like a part of the family. He had something important he wanted to discuss. That's why I sent that car to pick him up. But he never  arrived."
"477","                    HOPPS","Because he was attacked."
"478","                    MR. BIG","No... he attacked."
"479","                      HOPPS","Otterton?"
"480","                    MR. BIG","Otterton. He went crazy. Ripped up the car, scared my driver half to death and disappeared into the  night."
"481","                    HOPPS","He's a sweet little otter."
"482","                    MR. BIG","My child, we may be evolved... but  deep down we are still animals."
"483","                    MR. BIG ","You want to find Otterton... talk to the driver of the car. His name's Manchas, lives in the Rainforest District. Only he can  tell you more."
"484","                    HOPPS","Mr. Manchas? Judy Hopps, ZPD. We just want to know what happened to  Emmitt Otterton."
"485","                    NICK","Whoa. A teensy otter... did that?"
"486","                    HOPPS","What... happened?"
"487","                    MANCHAS","There was no warning, he just kept yelling about the ""night howlers."" Over and over, ""the night  howlers..."""
"488","                    NICK","Right?"
"489","                    HOPPS","Yep. So, uh, you just open the door and tell us what you know and we  will tell you what we know. Okay?"
"490","                    MANCHAS","Okay."
"491","                    HOPPS","Clever fox."
"492","                    HOPPS ","Mr. Manchas?"
"493","                      NICK","Buddy?"
"494","                    HOPPS","Are you... okay?"
"495","                      HOPPS ","Run. RUN!"
"496","                    NICK","What is wrong with him?!"
"497","                    HOPPS","I don't know!!"
"498","                    HOPPS ","Jump!"
"499","                     HOPPS ","Head down!"
"500","                    HOPPS ","Officer Hopps to dispatch!"
"501","                    CLAWHAUSER","Are you familiar with Gazelle? Greatest singer of our lifetime-- angel with horns-- okay, hold on, keep watching. Who's that beside  her? Who is it?"
"502","                    CLAWHAUSER","It's me! Did you think it was real? It looks so real! It's not. It's just a new app. (finally notices ringing phone)  Hold on a second--"
"503","                    HOPPS ","CLAWHAUSER!  Blue Rev. (mm/dd/yy)         62."
"504","                    HOPPS","Clawhauser, listen to me! We have a 10-91! Jaguar gone savage! Vine and  Tu-junja!"
"505","                    NICK","It's Tujunga!"
"506","                    HOPPS","There! Head to the skytrams!"
"507","                    NICK","Get in! Carrots? Carrots!"
"508","                    HOPPS","Go!"
"509","                    NICK","No, no, no!"
"510","                    NICK ","Rabbit, whatever you do, do not let  go!"
"511","                    HOPPS","I'm gonna let go!"
"512","                    NICK","No, you what? No, I said-- listen--  noooo!"
"513","                       HOPPS","One, two--"
"514","                    NICK","Carrots. You saved my life."
"515","                    HOPPS","Well. That's what we do at the"
"516","          ZP...","Deeeeeeeeeeeee....."
"517","                    BOGO","Well, this should be good."
"518","                    HOPPS","I thought this was just a missing  mammal case, but it's way bigger."
"519","                    HOPPS ","Mr. Otterton did not just disappear. I believe he and this  jaguar, they... went savage, Sir."
"520","                    BOGO","Savage? This isn't the Stone Age,  Hopps. Animals don't go savage."
"521","                    HOPPS","I thought so too, `til I saw this:"
"522","                    HOPPS ","What? He was right here..."
"523","                    BOGO","The ""savage"" jaguar."
"524","                     HOPPS","Sir, I know what I saw-- he almost  killed us."
"525","                    BOGO","Let's go."
"526","                    HOPPS","Nick!"
"527","                     BOGO","You think I'm going to believe a  fox?"
"528","                     HOPPS","Well he was a key witness and I  enlisted--"
"529","                    BOGO","Two days to find the otter..."
"530","                    BOGO ","or you quit... that was the deal.  Badge."
"531","                    HOPPS","But, Sir, we..."
"532","                    BOGO","Badge."
"533","                    NICK ","Uh, no."
"534","                    BOGO","What did you say, fox?"
"535","                    NICK","Sorry, what I said was, ""no."" She will not be giving you that badge. Look, you gave her a clown vest and a three-wheel joke-mobile and two days to solve a case you guys haven't cracked in two weeks? Yeah, no wonder she needed to get help from a fox, none of you guys were  gonna help her, were you?"
"536","                    NICK ","Officer Hopps?"
"537","                       HOPPS","Thank you."
"538","                    NICK","Never let `em see that they get to  you."
"539","                    HOPPS","So, things do get to you..."
"540","                    NICK","No... I mean, not anymore. But I was small and emotionally  unbalanced like you once."
"541","                       HOPPS","Har-har."
"542","                    NICK","(retreating into the memory) No, it's true. I think was 8, or maybe 9, and all I wanted to do was  join the Junior Ranger Scouts."
"543","                    NICK ","...so, my mom scraped together enough money to buy me a brand new uniform because, by God, I was  gonna fit in."
"544","                    NICK ","Even if I was the only predator in  the troop--"
"545","                    NICK ","...the only fox."
"546","                    MEAN KID ANIMAL ","Okay, Nick!"
"547","                    NICK ","I was gonna be part of a pack."
"548","                    MEAN KID ANIMAL","Ready for initiation?"
"549","                    YOUNG NICK","Yeah! Pretty much born ready."
"550","                    NICK ","I was so proud."
"551","                    MEAN KID ANIMAL","Okay. Now raise your right hand and  deliver the oath."
"552","                    YOUNG NICK","I, Nicholas Wilde, promise to be brave, loyal, helpful, and  trustworthy."
"553","                    MEAN KID ANIMAL","Even though you're a fox?"
"554","                    YOUNG NICK","What?"
"555","                    YOUNG NICK ","What did I do?!"
"556","                    MEAN KID ANIMAL","If you thought we would ever trust a fox without a muzzle, you're even  dumber than you look."
"557","                    NICK","I learned two things that day. One, I was never gonna let anyone see  that they got to me."
"558","                    HOPPS","...And two?"
"559","                    NICK","If the world's only gonna see a fox as shifty and untrustworthy, there's no point in trying to be  anything else."
"560","                    HOPPS","Nick, you are so much more than  that..."
"561","                    NICK","How about we go out to Chuck in Traffic Central-- Chuck, how are  things looking on the Jam Cams?"
"562","                    HOPPS","Nick, I'm glad you told me..."
"563","                    NICK","The Jam Cams...!"
"564","                    HOPPS","Seriously, it's okay..."
"565","                    NICK","No-n-shh-shush! There are traffic cameras everywhere. All over the canopy. Whatever happened to that  jaguar--"
"566","                    HOPPS","The traffic cams would have caught  it!"
"567","                    NICK","Bingo!"
"568","                    HOPPS","Pretty sneaky, Slick."
"569","                    NICK","However. If you didn't have access to the system before, I doubt Chief Buffalo Butt is gonna let you into  it now."
"570","                    HOPPS","No... But I have a friend at City  Hall who might."
"571","                     BELLWETHER","Sir?"
"572","                    BELLWETHER ","Ooo, I'm so sorry... sir?!"
"573","                     LIONHEART","Okay. I heard you, Bellwether. Just take care of it! (setting another binder atop her stack) Please. And clear my afternoon, I'm  going out."
"574","                    BELLWETHER","No, no! But, sir, you do have a meeting with Herds and Grazing...  sir, if I could just--"
"575","                    BELLWETHER ","Oh, mutton chops."
"576","                     HOPPS","Assistant Mayor Bellwether? We need  your help."
"577","                    HOPPS","We just need to get into the  traffic cam database."
"578","                     NICK","So fluffy!"
"579","                    HOPPS","Hey!"
"580","                    NICK","Sheep never let me this close."
"581","                    HOPPS","You can't just touch a sheep's  wool..."
"582","             NICK                          HOPPS ","It's like cotton candy.            Stop it!"
"583","                      BELLWETHER","Where to?"
"584","                    HOPPS","Rainforest District, Vine and  Tujunga."
"585","                    BELLWETHER","There! Traffic cams for the whole city. This is so exciting, actually. Well, you know, I never  get to do anything this important."
"586","                    HOPPS","But you're the Assistant Mayor of  Zootopia."
"587","                    BELLWETHER","But he did give me that nice mug."
"588","                    BELLWETHER ","Feels good to be appreciated."
"589","                    BELLWETHER","Let me know what you find. It was  really nice for me to be--"
"590","                    NICK","You think when she goes to sleep  she counts herself?"
"591","                    HOPPS","Tujunga, Tujunga... we're in."
"592","                    HOPPS ","Who are these guys?"
"593","                    NICK","Timberwolves. Look at these  dumdums."
"594","                    NICK ","And there it is. What is it with  wolves and the howling? It's like--"
"595","                    HOPPS","Howlers! Night howlers! That's what Manchas was afraid of... wolves! The wolves are the night howlers.  If they took Manchas..."
"596","                    NICK","...I bet they took Otterton too."
"597","                     HOPPS","All we gotta do is find out where  they went."
"598","                    HOPPS ","Wait. Where'd they go?"
"599","                    NICK","You know, if I wanted to avoid surveillance because I was doing something illegal-- which I never have-- I would use the maintenance tunnel 6B... which would put them  out..."
"600","                    NICK ","...right there."
"601","                    HOPPS","Well, look at you, Junior Detective. You know, I think you'd  actually make a pretty good cop."
"602","                    NICK","How dare you."
"603","                    NICK ","Acacia alley... Ficus underpass...  South Canyon..."
"604","                    HOPPS","They're heading out of town...  Where does that road go?"
"605","                    WOLF GUARD","Gary, quit it, you're gonna start a  howl."
"606","                    GARY THE WOLF GUARD","Oooooooo!"
"607","                    WOLF GUARD","Oooooooooo!"
"608","                     HOPPS","Come on!"
"609","                    NICK","You are a clever bunny."
"610","                    HOPPS","It looks like this was a hospital."
"611","                     NICK","You know, after you, you're the  cop."
"612","                    NICK","Okay. All clear."
"613","                    HOPPS","All this equipment is brand new..."
"614","                    NICK ","Carrots...?"
"615","                    HOPPS","Claw marks..."
"616","                    NICK","Yeah. Huge, huge, claw marks. I  mean, what kind of--"
"617","                    HOPPS","Mr. Manchas."
"618","                    HOPPS ","Mr. Otterton, my name is Officer Judy Hopps. Your wife sent me to find you. We're gonna get you out  of here now."
"619","                    NICK","Or not. Guess he's in no rush to  get home to the Missus."
"620","                    HOPPS","Chief Bogo handed out 14 Missing Mammal files... They're all here. All the missing mammals are right  here."
"621","                    LIONHEART ","Enough! I don't want excuses,  Doctor, I want answers."
"622","                    BADGER DOCTOR","Mayor Lionheart, please, we're  doing everything we can."
"623","                    LIONHEART","Really? Cuz I got a dozen and a half animals here who've gone off the rails crazy-- and you can't tell me why. Now, I'd call that  awfully far from doing everything."
"624","                    BADGER DOCTOR","Sir, it may be time to consider  their biology."
"625","                    LIONHEART","What? What do you mean biology?"
"626","                    BADGER DOCTOR","The only animals going savage are predators. We cannot keep it a  secret. We need to come forward."
"627","                    LIONHEART","Hmm... Great idea. Tell the public. And how do you think they're gonna feel about their mayor, who is a  lion?! I'll be ruined!"
"628","                    BADGER DOCTOR","Well, what does Chief Bogo say?"
"629","                    LIONHEART","Chief Bogo doesn't know. And we are  going to keep it that way."
"630","                    LIONHEART ","Someone's here!"
"631","                    BADGER DOCTOR","Security! Sweep the area!"
"632","                    NICK","Great! We're dead. We're dead. That's it. I'm dead. You're dead.  Everybody's dead."
"633","                    HOPPS","Can you swim?"
"634","                    NICK","What? Can I swim? Yes, I can swim.  Why?"
"635","                    NICK ","Carrots?! Hopps?! Judy?!"
"636","                    HOPPS","We gotta tell Bogo!"
"637","                    CLAWHAUSER","Chief Bogo!"
"638","                    BOGO","Not now!"
"639","                    CLAWHAUSER","Wait, is that Gazelle?"
"640","                      BOGO","(struggling to silence his phone)  No!"
"641","                    CLAWHAUSER","Oh, jeeeeez!"
"642","                    BOGO","Clawhauser, can't you see I'm working on the missing mammal  cases?!"
"643","                    CLAWHAUSER","Oh, yes of course! About that, sir... Officer Hopps just called...  She found all of `em."
"644","                    HOPPS","Mayor Lionheart, you have the right  to remain silent. Anything--"
"645","                    LIONHEART","You don't understand. I was trying  to protect the city."
"646","                    HOPPS","You were just trying to protect  your job."
"647","                    LIONHEART","No. Listen, we still don't know why this is happening. It could destroy  Zootopia."
"648","                    HOPPS","You have the right to remain silent. Anything you say can and will be used against you in a court  of law..."
"649","                    BOGO","Ladies and Gentlemammals... 14 mammals went missing and all 14 have been found by our newest recruit, who will speak to you in a moment. But first, let me remind  you--"
"650","                    HOPPS","Rrrgh. I am so nervous..."
"651","                    NICK","Okay, press conference 101: You  wanna look smart?"
"652","                    NICK ","""Well, was this a tough case? Yes.  Yes it was."" You see?"
"653","                    HOPPS","You should be there with me. We did  this together."
"654","                    NICK","Well, am I a cop? No. No, I am not."
"655","                    HOPPS","Funny you should say that, because I've been thinking... it would be  nice to have a partner."
"656","                    HOPPS ","Here. In case you need something to  write with."
"657","                    BOGO ","At twenty-two hundred hours, we  found all these missing animals..."
"658","                    BELLWETHER","Officer Hopps, it's time."
"659","                    BOGO","So now, I'll turn things over to the officer who cracked the case.  Officer Judy Hopps."
"660","                    PRESS","Officer Hopps! / Over here! / Here!"
"661","                       HOPPS","Yes?"
"662","                    REPORTER","What can you tell us about the  animals that went savage?"
"663","                    HOPPS","Are they all different species?  Yes. Yes they are."
"664","                    REPORTER 2","Okay, so what is the connection?"
"665","                    HOPPS","Well, all we know is that they are  all members of the predator family."
"666","                    ANOTHER REPORTER","So, predators are the only ones  going savage?"
"667","                    HOPPS","That is accu-- Yes, that is  accurate. Yes..."
"668","                    REPORTER 3","Wow. Why is that happening?"
"669","                    HOPPS","We still don't know--"
"670","                    HOPPS ","Ah, it may have something to do  with biology."
"671","                    REPORTER ","What do you mean by that?"
"672","                    HOPPS","A biological component. You know,  something in their DNA..."
"673","                    REPORTER 4","In their DNA? Can you elaborate on  that, please?"
"674","                    HOPPS","Yes. What I mean is, thousands of years ago... um... predators survived through their aggressive hunting instincts. For whatever reason, they seem to be reverting back to their primitive, savage  ways."
"675","                    REPORTER ","Of course they did."
"676","                    MEAN KID ANIMAL ","Aw, is he gonna cry."
"677","                     REPORTER ","(on Nick, as flashback ends) Officer Hopps, could it happen  again?"
"678","                    HOPPS","It is possible. So we must be vigilant. And we at the ZPD are prepared and are here to protect  you..."
"679","                    PRESS","Will more mammals go savage? / What is being done to protect us? / Have you considered a mandatory  quarantine on predators?"
"680","                    BELLWETHER","Okay, thank you Officer Hopps, uh, that's all the time that we have.  No more questions..."
"681","                    HOPPS","Was I okay?"
"682","                    BELLWETHER","Oh, you did fine."
"683","                    HOPPS","That went so fast! I didn't get a chance to mention you or say  anything about how we--"
"684","                    NICK","Oh, I think you said plenty."
"685","                    HOPPS","What do you mean?"
"686","                    NICK","Clearly, there's a biological component? These predators may be reverting back to their primitive,  savage ways. Are you serious?"
"687","                    HOPPS","I just stated the facts of the case. I mean, it's not like a bunny  could go savage..."
"688","                    NICK","Right. But a fox could? Huh?"
"689","                    HOPPS","Nick, stop it. You're not like  them."
"690","                    NICK","Oh, there's a them now?"
"691","                    HOPPS","You know what I mean. You're not  that kind of predator."
"692","                    NICK","The kind that needs to be muzzled? The kind that makes you think you  need to carry around Fox Repellent?"
"693","                     NICK ","Do you think I might go nuts? Do you think I might go savage? Do you  think I might try to... EAT YOU?!"
"694","                    NICK ","Probably best if you don't have a  predator as a partner."
"695","                    HOPPS","No. Nick. Nick!"
"696","                    REPORTER 5","Officer Hopps! Were you just  threatened by that predator?"
"697","                    HOPPS","No. He's my friend."
"698","                    REPORTER 6","We can't even trust our own  friends?"
"699","                    HOPPS","That is not what I said! Please!"
"700","                    REPORTERS","Are we safe? / Have any other foxes  gone savage?"
"701","                    FEMALE BOBCAT NEWS ANCHOR","More bad news in this city gripped  by fear."
"702","                    FEMALE BOBCAT NEWS ANCHOR ","A caribou is in critical condition, the victim of a mauling by a savage polar bear. This-- the 27th such attack-- comes just one week after ZPD Officer Judy Hopps connected the violence to traditionally  predatory animals."
"703","                    MALE MOOSE NEWS ANCHOR","Meanwhile, a peace rally organized by pop star, Gazelle, was marred by  protest."
"704","                    PIG","Go back to the forest, predator!"
"705","                    LEOPARD","I'm from the savannah!"
"706","                    GAZELLE","Zootopia is a unique place. It's a crazy, beautiful, diverse city where we celebrate our differences. (gestures to PROTESTERS in background)  This is not the Zootopia I know."
"707","                    GAZELLE ","...but it is irresponsible to label  all predators as savages."
"708","                    MRS. OTTERTON","That's not my Emmitt."
"709","                    GAZELLE","We cannot let fear divide us. Please-- give me back the Zootopia  I love..."
"710","                     BOGO","Come on Hopps. The new Mayor wants  to see us."
"711","                    HOPPS","The Mayor? Why?"
"712","                    BOGO","It would seem you've arrived."
"713","                    HOPPS","Clawhauser? What're you doing?"
"714","                    CLAWHAUSER","Um, they thought it would be better if a predator such as myself wasn't the first face you that you see  when you walk into the ZPD."
"715","                      HOPPS","What?"
"716","                      CLAWHAUSER","They're gonna move me to Records.  It's downstairs. By the boiler."
"717","                      BOGO","Hopps!"
"718","                      HOPPS","Um... I don't understand."
"719","                      BELLWETHER","Our city is 90% prey, Judy. And right now they're just really scared. You're a hero to them. They trust you. And so that's why Chief Bogo and I want you to be the  public face of the ZPD."
"720","                      HOPPS","I'm not... I'm not a hero. I came here to make the world a better  place, but I think I broke it."
"721","                      BOGO","Don't give yourself so much credit, Hopps. The world has always been broken. That's why we need good  cops-- like you."
"722","                    HOPPS","I don't deserve this badge."
"723","                      BOGO","Hopps."
"724","                    BELLWETHER","Judy, you've worked so hard to get here. It's what you've wanted since  you were a kid. You can't quit..."
"725","                    HOPPS","Thank you for the opportunity."
"726","                    HOPPS","A dozen carrots."
"727","                      RABBIT MOM","Thanks!"
"728","                    HOPPS","Have a nice day."
"729","                    RABBIT MOM","Come on."
"730","                    STU HOPPS","Hey there, Jude-- Jude the dude,  remember that one? How we doin?"
"731","                      HOPPS.","I'm fine."
"732","                    BONNIE HOPPS","You are not fine. Your ears are  droopy."
"733","                    HOPPS","Why did I think I could make a  difference?"
"734","                    STU HOPPS","Because you're a trier, that's why."
"735","                    BONNIE HOPPS","You've always been a trier."
"736","                     HOPPS","Oh, I tried. And it made life so much worse for so many innocent  predators."
"737","                    STU HOPPS","Oh, not all of them, though. Speak  of the devil. Right on time."
"738","                    HOPPS","Is that... Gideon Grey?"
"739","                    STU HOPPS","Yep. It sure is. We work with him  now."
"740","                    BONNIE HOPPS","He's our partner. And we never would have considered it had you  not opened our minds."
"741","                    STU HOPPS","That's right. I mean, Gid's turned into one of the top pastry chefs in  the tri-burrows."
"742","                    HOPPS","That's really cool, you guys."
"743","                    HOPPS ","Gideon Grey. I'll be darned."
"744","                    ADULT GIDEON GREY","Hey Judy-- I'd like to say I'm sorry for the way I behaved in my youth. I had a lotta self-doubt that manifested itself in the form of unchecked rage and aggression. I  was a major jerk."
"745","                    HOPPS","Well, I know a thing or two about  being a jerk..."
"746","                    ADULT GIDEON GREY","Anyhow-- I brought you all these  pies."
"747","                    STU HOPPS","Hey kids! Don't you run through  that midnicampum holicithias!"
"748","                    RABBIT KID","Whoa, whoa, whoa!"
"749","                    ADULT GIDEON GREY","Now there's a 4-dollar word, Mr. H. My family always just called them  night howlers."
"750","                    HOPPS","I'm sorry, what did you say?"
"751","                    STU HOPPS","Oh, Gid's talking about those flowers, Judy. I use `em to keep bugs off the produce. But I don't like the little ones going near `em on account of what happened to your  Uncle Terry."
"752","                    BONNIE HOPPS","Yeah, Terry ate one whole when we  were kids and went completely nuts."
"753","                    STU HOPPS","He bit the dickens out of your  mother."
"754","                    HOPPS","A bunny can go savage..."
"755","                    BONNIE HOPPS","Savage? Well, that's a strong word.  But it did hurt like the devil."
"756","                    STU HOPPS","Well sure it did. There's a sizable divot in your arm. I'd call that  savage."
"757","                    HOPPS","Night howlers aren't wolves. They're flowers. The flowers are making the predators go savage. That's it! That's what I've been  missing!"
"758","                    HOPPS ","Oh, keys! Keys! Keys! Keys! Hurry!  Come on! Thank you, I love you bye!"
"759","                    STU HOPPS","You catch any of that, Bon?"
"760","                    BONNIE HOPPS","Not one bit."
"761","                    GIDEON GREY","Well, that makes me feel a little better. I thought she was talking  in tongues or something."
"762","                       FINNICK","Who is it?"
"763","                    HOPPS","I need to find Nick. Please."
"764","                    HOPPS","Nick? Nick!"
"765","                    HOPPS ","Oh, Nick! Night howlers aren't wolves. They're toxic flowers. I think someone is targeting predators on purpose and making  them go savage."
"766","                    NICK","Wow. Isn't that interesting."
"767","                    HOPPS","Wait! Wait, please-- I know you'll never forgive me. And I don't blame you. I wouldn't forgive me either. I was ignorant and irresponsible and small-minded... But predators shouldn't suffer because of my mistakes. I have to fix this, but I  can't do it without you."
"768","                    HOPPS ","And after we're done, you can hate me, and that'll be fine, because I was a horrible friend and I hurt you... and you can walk away knowing you were right all along, I  really am just a dumb bunny."
"769","                    NICK","Don't worry, Carrots, I'll let you  erase it... in 48 hours."
"770","                    NICK ","Alright, get in here."
"771","                     NICK ","You are standing on my tail,  though. Off, off, off."
"772","                       HOPPS","I'm sorry."
"773","                    NICK","What's the plan?"
"774","                    HOPPS","We are gonna follow the night  howlers."
"775","                       NICK","Okay. How?"
"776","                    HOPPS","Know this guy?"
"777","                     NICK","Uh-huh. I told you, I know  everybody."
"778","                    DUKE WEASELTON","Well, hello, step right up! Anything you need... I got it. All your favorite movies! I got movies that haven't even been released  yet!"
"779","                    DUKE WEASELTON ","Hey, 15% off! 20! Make me an offer!  Come on!"
"780","                    NICK","Well, well, look who it is. The  duke of bootleg."
"781","                     DUKE WEASELTON","Hey, if it isn't Flopsy the Copsy."
"782","                    HOPPS","We both know those weren't moldy onions I caught you stealing. What were you gonna do with those night  howlers, Wessleton?"
"783","                    DUKE WEASELTON","It's Weaselton. Duke Weaselton. And I ain't talking, rabbit. And ain't  nothing you can do to make me."
"784","                     MR. BIG","Ice `em."
"785","                    DUKE WEASELTON","Ya dirty rat! Why ya helping her?!  She's a cop!"
"786","                    MR. BIG","And the godmother to my future  granddaughter."
"787","                    FRU FRU SHREW","I'm gonna name her Judy."
"788","                    HOPPS","Aw."
"789","                    MR. BIG","Ice this weasel."
"790","                    DUKE WEASELTON","All right, all right, please! I'll talk! I'll talk. I stole them night howlers so I could sell `em. They offered me what I couldn't  refuse... Money."
"791","                    HOPPS","And to whom did you sell them?"
"792","                    DUKE WEASELTON ","...Just watch it. Doug is the opposite of friendly. He's  unfriendly..."
"793","                     HOPPS","Come on!"
"794","                    HOPPS","The weasel wasn't lying."
"795","                     NICK","Yeah, looks like old Doug's cornered the market on night  howlers..."
"796","                    DOUG","You got Doug here. What's the mark?  Cheetah in Sahara Square. Got it."
"797","                    DOUG ","Yeah I'll buzz you when it's done. Or you'll see it on the news. Ya  know, whichever comes first."
"798","                    WOOLTER ","Hey Doug, open up! We've got your  latte."
"799","                      DOUG","Out."
"800","                    NICK","Hey. Hey! Where are you going? Get back here! What are you doing?! He's gonna see you! What are you looking at? Hey! Whatever you're thinking, stop thinking it.  Carrots! Carrots!"
"801","                    DOUG","It better have the extra foam this  time--"
"802","                    WOOLTER ","Hey, open up!"
"803","                    NICK","What are you doing?! You just  trapped us in here!"
"804","                    HOPPS","We need to get this evidence to the"
"805","                    NICK","Okay. Great. Here it is. Got it."
"806","                    HOPPS","No. All of it!"
"807","                    NICK","Wait, what?"
"808","                    NICK ","Well... Hallelujah!"
"809","                    DOUG","Oh! It just got worse!"
"810","                    NICK","Mission accomplished. Would it be premature for me to do a little  victory toot-toot?"
"811","                    HOPPS","All right. One toot-toot."
"812","                    NICK","Well, I can cross that off the  bucket list."
"813","                     NICK ","I may have to rescind that victory  toot-toot."
"814","                    NICK ","Maybe that's just hail?"
"815","                      NICK ","Carrots?!"
"816","                    HOPPS","Don't stop! Keep going!"
"817","                    JESSE","No! No! Please stop!"
"818","                    HOPPS","Do not stop this car!"
"819","                    HOPPS ","Speed up, Nick! Speed up!"
"820","                    NICK","There's another train coming!"
"821","                    HOPPS","Trust me! SPEED! UP!"
"822","                      WOOLTER","Stop the train! Hey!"
"823","                      HOPPS","Hey. Need some help?"
"824","                      NICK","Oh no! Oh no, no, no! Too fast!  Hold on!"
"825","                      NICK ","I think this is our stop!"
"826","                      HOPPS","Okay... Maybe some of the evidence  survived."
"827","                      HOPPS ","Everything is gone. We've lost it  all."
"828","                      NICK","Yeah. Oh, except for this."
"829","                      HOPPS","Oh, Nick! Yes!"
"830","                      NICK","Ow."
"831","                    HOPPS","Come on! We gotta get to the ZPD. Cut through the Natural History  Museum!"
"832","                    HOPPS","Oh! There it is!"
"833","                    BELLWETHER ","Judy! Judy!"
"834","                     HOPPS","We found out what's happening. Someone's darting predators with a serum-- that's what's making them  go savage."
"835","                    BELLWETHER","I am so proud of you, Judy. You did  just a super job."
"836","                    HOPPS","How did you know where to find us?"
"837","                    BELLWETHER","I'll go ahead and I'll take that  case now."
"838","                    HOPPS","You know what... I think Nick and I  will just take this to the ZPD..."
"839","                      BELLWETHER","Get them!"
"840","                      HOPPS","Ach!"
"841","                    NICK","Ah Carrots!"
"842","                    NICK ","Whoops... Blueberry?"
"843","                      HOPPS","Pass."
"844","                    BELLWETHER ","Come on out, Judy!"
"845","                    HOPPS","Take the case. Get it to Bogo."
"846","                    NICK","I'm not gonna leave you behind.  That's not happening."
"847","                    HOPPS","I can't walk."
"848","                    NICK","Just, we'll think of something."
"849","                    BELLWETHER","Underestimated. Under-appreciated. Aren't you sick of it? Predators. They may be strong and loud, but prey out-number predators 10 to  one."
"850","                    BELLWETHER ","Well, you should have stayed on the carrot farm, huh? It really is too  bad; I really did like you."
"851","                    HOPPS","What are you going to do? Kill me?"
"852","                    BELLWETHER","No! Of course not... he is."
"853","                       HOPPS","No! Nick?!"
"854","                    BELLWETHER","Yes, police! There's a savage fox in the natural history museum. Officer Hopps is down! Please  hurry!"
"855","                    HOPPS","No. Nick, don't do this. Fight it."
"856","                    BELLWETHER","Oh, but he can't help it, can he? Since preds are just biologically  predisposed to be savages."
"857","                    BELLWETHER ","Gosh, think of the headline: ""Hero  Cop Killed By Savage Fox..."""
"858","                    HOPPS","So that's it, prey fears predator,  and you stay in power?"
"859","                    BELLWETHER","Yeah, pretty much."
"860","                    HOPPS","It won't work."
"861","                    BELLWETHER","Fear always works. And I'll dart every predator in Zootopia to keep  it that way."
"862","                    HOPPS","Oh, Nick! No!"
"863","                    BELLWETHER","Bye-Bye, Bunny."
"864","                    HOPPS","Blood, blood, blood! And death."
"865","                    NICK","All right, you're milking it. Besides, I think we got it, I think we got it. We got it up there, thank you yakkety-yak-- you laid it  all out beautifully."
"866","                    BELLWETHER","What?"
"867","                    NICK","Well, it's right here."
"868","                    HOPPS","What you've got in the weapon there- - those are blueberries. From my  family's farm."
"869","                    NICK","You should try some."
"870","                    BELLWETHER","I framed Lionheart, I can frame you  too! It's my word against yours!"
"871","                    HOPPS","--It's your word against yours. It's called a hustle, sweetheart.  Boom."
"872","                    PREDATOR ANCHOR ","Former Mayor Dawn Bellwether is behind bars today, guilty of masterminding the savage attacks  that have plagued Zootopia of late."
"873","                    PREY ANCHOR","Her predecessor, Leodore Lionheart, denies any knowledge of her plot, claiming he was just trying to  protect the city."
"874","                    LIONHEART","Did I falsely imprison those animals? Well, yes. Yes I did. It was a classic ""doing the wrong thing for the right reason"" kind of  a deal."
"875","                    PRED ANCHOR","In related news, doctors say the night howler antidote is proving effective in rehabilitating the  afflicted predators..."
"876","                    MRS. OTTERTON","Emmitt? Oh... Emmitt..."
"877","                     MRS. OTTERTON ","Thank you."
"878","                    HOPPS ","We all have limitations. We all make mistakes. Which means-- hey, glass half full!-- we all have a lot in common. And the more we try to understand one another, the more exceptional each of us will be. But  we have to try."
"879","                    HOPPS","So, no matter what type of animal you are, from the biggest elephant  to our first fox..."
"880","                    HOPPS ","Look inside yourself, and recognize that change starts with you. It starts with me. It starts with all  of us."
"881","                    BOGO","...Enough! Shut it! We have some new recruits with us this morning,  including our first fox. Who cares."
"882","                    NICK","Ha! You should have your own line of inspirational greeting cards,  sir."
"883","                     BOGO","Just kidding! We have reports of a street racer tearing up Savannah  Central. Find him, shut him down."
"884","                    NICK","So are all rabbits bad drivers or  is it just you?"
"885","                    HOPPS","Oops. Sorry."
"886","                     NICK","Sly bunny."
"887","                      HOPPS","Dumb fox."
"888","                    NICK","You know you love me."
"889","                    HOPPS","Do I know that? Yes. Yes, I do."
"890","                    HOPPS","Sir, you were going 115 miles per hour. I hope you have a good  explanation."
"891","                    NICK","Flash? Flash? Hundred yard dash?!"
"892","                    FLASH","Nick."
